id;ingredient;co2id
36;1 yellow onion, thinly sliced;1
70;1 medium Onion (chopped);1
76;1 Spring Onion / Scallion;1
94;6 stalks green onion (cut into 3-4 inch strands);1
142;1/4 onion, finely diced;1
159;1 cup finely chopped red onion;1
176;1/2 a small white or red onion;1
178;3 red onions, peeled and cut into fine rings;1
194;1 small onion, peeled and very thinly sliced;1
198;2 green onions, tops removed thinly sliced;1
213;2/3 cup chopped onions;1
238;3 spring onions, sliced;1
245;1/4 cup finely chopped onion;1
250;1 small onion, chopped;1
269;1 Small Onion, Chopped;1
311;1/4 cup chopped onions;1
351;8 tablespoons diced white onion;1
386;Onion (I cut the onion into medium size pieces and used about 1/8 of a cup) Add more if you prefer.;1
396;2 tablespoons grated onion;1
398;1/2 cup chopped green onions;1
432;1/2 Onion;1
571;1/2 medium onion, chopped;1
656;1/2 onion, minced;1
668;1 cup onion, diced;1
696;6 green onion tops (about 7-inch length);1
719;green onions, chopped;1
734;1 medium onion, sliced thin;1
751;1 small onion, diced;1
787;2 medium sweet onions, thinly sliced;1
810;1 1/2 cups chopped onion, divided;1
832;3 large onions, cut crosswise into 1/2-inch slices and separated into rings;1
404;2 cups red potatoes, skin-on & diced;3
674;4 large baking potatoes, washed and scrubbed;3
761;1 cup potatoes, leftover sauteed, diced;3
805;2 russet potatoes (1 1/4 pounds total), cut into very thin slices with a handheld slicer;3
880;4 large potatoes;3
79;1 Carrot (chopped);4
148;1 large carrot, grated;4
544;1/4 cup minced carrot;4
609;12 strips julienne-cut carrot;4
794;1 cup julienne-cut carrot;4
12;1 clove garlic, grated;56
74;2 garlic cloves, minced;56
86;1 clove garlic, thinly sliced;56
90;1 tsp minced garlic;56
274;4 large cloves garlic, pureed with 1 tablespoon water;56
300;3 garlic cloves, thinly sliced;56
382;6 Garlic Cloves (smashed);56
538;6 cloves garlic, sliced;56
563;3 cloves of garlic, halved;56
583;1 clove garlic;56
602;1-2 cloves minced garlic;56
603;2 cloves garlic, chopped;56
605;2 cloves garlic, 1 minced;56
664;1 clove garlic, finely chopped;56
665;1 large clove garlic, minced;56
687;1 tablespoon garlic, finely chopped;56
697;1 small minced garlic clove;56
763;1 clove crushed garlic;56
777;4 Cloves Garlic, Smashed;56
783;3 cloves garlic, chopped;56
798;2 medium garlic cloves, minced;56
835;3 garlic cloves;56
836;3 Cloves Garlic;56
870;1 clove garlic, finely minced;56
894;2 teaspoons minced garlic, divided;56
187;8 black peppercorns;59
278;1/4 cup chopped bell peppers;59
286;1 cup peppers, leftover sauteed,diced;59
573;1 red bell pepper, seeded and cut into 1-inch pieces;59
667;1 jalapeno pepper, stemmed, seeded, cut in half lengthwise;59
799;2 green chile peppers, chopped;59
824;1/4 teaspoon crushed red pepper;59
915;1 oz shredded cheese (I used Cabot 50% reduced fat Pepper Jack);59
512;¼ cup milk or unflavored soy milk;60
623;1 cup unsweetened plain soy milk;60
29;2 tomatoes, seeded and chopped;62
162;Tomato Salsa Tomato Salsa;62
167;1 tomato, finely diced;62
197;2 8 oz. cans of tomato sauce;62
328;1 28 ounce can Whole Peeled Tomatoes (crushed by hand);62
362;4 tomatoes, sliced;62
366;1 tomato, sliced;62
399;1 lb. ripe tomatoes, peeled, seeded and finely chopped;62
480;1 14.5 oz. can of diced tomatoes;62
506;1 (14.5-ounce) can diced tomatoes, drained;62
521;Tomato;62
585;1 large tomato, sliced into 8 slices;62
594;1 medium sized tomato;62
685;12 strips tomato;62
752;15 Ounces Crushed Tomatoes;62
776;1 6oz. can of Italian Style tomato paste;62
800;2 large tomatoes, sliced;62
803;1 medium tomato, minced;62
850;2 pounds cherry or grape tomatoes, halved (from about 3 pints or 10 ounce containers);62
6;2/3 cup whole milk;79
42;1 1⁄2 cups milk;79
144;1 cup skim milk;79
207;1 cup whole milk;79
255;1 cup fat free milk;79
327;2 cups milk;79
341;2 tablespoons milk;79
392;1 cup coconut milk;79
581;2 cups whole milk;79
599;1/4 cup milk;79
772;1 cup Milk;79
831;2 cups nonfat milk;79
852;1 1/2 cups 2% low-fat milk;79
889;4 cups whole milk;79
909;1 cup fat-free milk;79
123;1 cucumber (peeled, seeded and cut into 3-4 inch sticks);95
693;1 seedless cucumber, sliced;95
788;1 cucumber, peeled, halved lengthwise, seeded, and cut into 12 (7-inch) julienne-cut strips;95
902;4 thin slices cucumber;95
11;2 eggs;103
59;3 large eggs;103
127;2 large eggs, lightly beaten with a pinch of kosher salt;103
169;3 large eggs, separated;103
195;4 egg yolks;103
200;1 egg, lightly whisked;103
271;1 dozen eggs;103
312;2 large eggs;103
314;1 large egg;103
454;8 eggs;103
459;8 eggs, cold;103
499;5 large eggs;103
517;4 egg whites;103
558;1 egg yolk, lightly beaten;103
661;4 eggs plus 2 egg yolks;103
680;1 Egg;103
691;2 egg yokes;103
756;4 eggs;103
773;4 large eggs (locally raised and cage-free if possible);103
817;5 egg whites;103
845;1 egg;103
853;2 eggs, beaten;103
864;6 egg yolks;103
899;4 large eggs;103
41;6 chicken thighs, boned;108
199;6 chicken thighs, skinned and cut into bite sized pieces;108
488;Chicken;108
528;8 chicken drumettes or wings, tips removed and discarded;108
840;1 chicken cutlet;108
896;1 1/2 cup cooked chicken;108
77;8 ounces cream cheese, room temperature;114
120;2-3 tablespoons heavy cream;114
256;whipped cream;114
290;1/3 cup heavy cream;114
335;Sour cream;114
338;1/4 cup whipping cream;114
441;2 cups whip cream;114
450;1 1/2 cup heavy cream;114
474;8 ounces creamy chevre;114
486;1/2 cup heavy whipping cream;114
617;1/2 cup whipping cream;114
684;4 pkg. (8 oz. each) PHILADELPHIA Cream Cheese, softened;114
712;12 oz (1 1/2 packages) cream cheese, softened;114
728;1 cup sour cream;114
750;2 cups heavy cream;114
786;1/2 cup sour cream;114
888;2 cups chilled heavy cream;114
98;1 pound pork loin, cut into 3-inch x 1/4-inch strips;115
139;1/3 lb. pork loin;115
141;1 cup cooked meat cut in 1/2-inch cubes, such as pork, ham, beef, or chicken (optional);115
203;8 ounces Ground Pork;115
299;"1¼ pounds ground pork shoulder (Boston butt; 20% fat)";115
522;170g / 6 oz pork fillet;115
666;½ pound pork skin, cut in half;115
739;1/2 lb. pork sausages;115
7;1 pound fresh squid, cleaned, rinsed, and well dried;120
720;7 oz. cleaned squid;120
2;1 1/2 cups of grated Longhorn cheddar cheese;127
28;1/2 cup freshly grated Parmesan cheese;127
146;1-1/2 cups shredded Swiss cheese (about 6 oz.);127
285;1 lb. mascarpone cheese, softened;127
287;1½ cups crumbled extra-old cheddar cheese;127
344;15 Ounces Ricotta Cheese;127
347;1 small container of Ricotta cheese;127
348;3 1/2 ounces coarsely grated Gruyère cheese (1 1/3 cups);127
353;1/2 cup cheddar cheese, grated;127
388;2 Cups Shredded Five-Cheese Italian Blend;127
397;Parmesan cheese (optional);127
429;1 pound sharp Cheddar cheese, shredded;127
431;1 pint part-skim ricotta cheese;127
438;2 8oz. packages of Mozzarella Cheese (I buy the blocks of cheese);127
444;2 cup shredded cheddar cheese;127
457;8 ounces cheddar cheese, grated;127
531;2 slices cheese;127
559;1 cup Pecorino Romano cheese, freshly grated;127
561;Freshly Grated Parmesan Cheese (to serve);127
572;Parmesan Cheese ( I bought a 10 oz. container);127
733;1 cup shredded Parmesan cheese;127
735;1/4 cup blue cheese, crumbled;127
883;3 oz feta cheese, cubed;127
884;1 1/2 cups shredded mozzarella cheese;127
17;2 teaspoons butter, salted or unsalted;128
46;1 stick (1/2 cup) butter, softened;128
54;butter for cake pan;128
117;1/2 cup (1 stick) butter room temperature;128
219;2 tablespoons butter;128
247;4 tablespoons (1/2 stick) unsalted butter, preferably cultured, plus more for pan;128
249;5 tablespoons unsalted butter;128
318;6 tablespoons unsalted butter;128
323;6 tablespoons unsalted butter, at room temperature;128
346;1 tablespoon unsalted butter;128
352;1/2 cup unsalted butter;128
356;1/4 cup salted butter;128
361;8 tablespoons unsalted butter (1 stick), at room temperature;128
368;1 tbsp. butter, plus 1 for the skillet;128
372;70 g Butter;128
375;1 tablespoon unsalted butter, melted;128
395;1/2 Tbs. unsalted butter;128
445;1 1/4 cup buttermilk;128
461;1½ c unsalted butter, softened;128
523;2 Tbsp. butter, chopped;128
552;1/2 stick (1/4 cup) unsalted butter, softened;128
597;3/4 cup butter;128
698;2 tablespoons (1/4 stick) butter, melted;128
706;1 1/2 tablespoons butter;128
725;1/2 cup (1 stick)  unsalted butter;128
744;Butter;128
759;4 tbsp. butter;128
782;4 tablespoons (1/2 stick) unsalted butter, melted and cooled;128
849;1/3 cup butter or margarine, melted;128
857;1 teaspoon unsalted butter;128
895;vegetable oil or extra melted butter, for the waffle iron;128
297;1 pound of ground beef;139
387;4 97% fat-free beef franks;139
655;1 pound very lean sirloin of beef, trimmed of visible fat;139
673;8 ounces Ground Beef;139
784;2 lbs ground beef;139
4;1/2 cup assorted Greek olives;57
5;1 1/2 pounds skinless cod fillet, cut into 1-inch-thick strips;105
10;Zest 1 orange;23
16;2 avocados, pitted and peeled;80
23;120 grams rice noodles;98
37;"1 cup chopped celery hearts (inner stalks and leaves; from 1 bunch)";2
38;2 teaspoons ground coriander;0
47;1 Glas Tomate(n), passierte (500ml);62
62;1 pound bulk Italian sausage;115
64;1 tablespoon yellow or dijon mustard;93
65;1 pound unpeeled, medium-size raw shrimp (4 1/50 count);123
68;2 Kugel/n Mozzarella;127
78;3-4 additional zucchinis if you're making timbales;5
87;8 slices Canadian-style bacon, warmed;115
99;3 scallions, cut into 1-inch pieces;0
101;2 tablespoons pickle relish;0
116;1/4 pound Chinese or Vietnamese rice noodles, (banh pho);98
122;300 grams raw prawns;122
124;4 ribs celery, halved crosswise and lengthwise;2
125;3 cups cooked long-grain rice;98
129;3 2 pounds racks baby back ribs, cut into 6 equal portions;139
137;1 whole duck (about 4-5 lbs);100
147;12 medium shrimp, peeled;123
154;1 1/2 pounds sea scallops;123
158;2 (1 1/4-pound) whole Maine lobsters;140
160;1 lemon;11
163;1 pig's foot;115
171;2 large heads romaine lettuce, washed, dried, cut or torn into pieces;109
172;2 1 1/2 pound skirt steaks;139
182;4 scallions (white and green), thinly sliced;0
183;8 dried shiitake mushrooms;13
186;1/4 head iceberg lettuce, shredded;109
193;24 large mussels;129
224;1 cup berries, fresh or frozen, and heated before serving;71
227;Lime;12
232;3/4 ounce (1/4 cup) wood ear mushrooms, thinly sliced;13
242;1/2 cup plain yogurt;81
252;1 lb cooked lump crab meat or dungeness crab meat, drained of any liquid (with 1/2 shredded and 1/2 lump meat);122
253;1 (8 ounce) can crushed pineapple, drained;47
264;2 1/2 cups risotto-type short-grain rice, such as Bomba;98
279;4 slices turkey bologna, approximately 1/2 cm. thick, diced;124
282;1/2 cup Indian split peas;61
283;1 1/3 cups fresh bean sprouts;40
292;1 green chile, such as jalapeno or serrano, finely diced;59
317;1 thick slice Brie;127
320;2 - 4 salmon fillets;105
330;4 fresh Prawns (optional);122
373;2 filet mignons, (5 to 6 ounces each, about 1 1/2 inches thick);139
374;3/4 ounce (1/4 cup) shiitake mushrooms, thinly sliced;13
376;6 oz. monkfish or hake fillet;105
383;1 pound of Italian Sausage;115
394;2 mushrooms, chopped small;13
448;lettuce;109
455;1/2 cup blanched slivered almonds;89
460;1 cup celery, diced;2
462;1 teaspoon sweet paprika;59
473;4 large artichokes;44
481;4 1/2 cups cooked Sushi Rice;98
483;50 grams tender stem broccoli, sliced;48
495;Nobu's Vegetable Salad;0
504;1/2 cup chopped brined green olives plus 2 tablespoons olive brine;57
515;1/2 cup walnuts;87
536;1 ounce (1/2 cup) enoki mushrooms, bottoms cuts;13
557;Salami, Schinken, Speck;115
562;7 ounces tuna fillet;97
564;1 (10 pound) prime rib roast;139
568;150 g Champignons, frische;13
569;100 g Parmesan, geriebener;127
570;Lettuce, for serving;109
578;1 cup chopped fennel bulb, divided;43
588;2 tablespoons mustard;93
593;2 anchovies;105
596;3 to 4 large ripe avocados;80
606;3/4 pound ground lamb;138
615;1 6.5-ounce package chilled block of foie gras (fattened duck liver), cut crosswise into 1/4-inch-thick slices;100
624;Paprika, for serving (optional);59
632;1 teaspoon Dijon mustard;93
636;1 1/2 cups cooked medium shrimp, peeled, deveined, and halved (about 3/4 pound);123
639;1/2 teaspoon Dijon mustard;93
652;8 oz fresh mozzarella, sliced into 8 slices;127
677;3 slices bacon;115
683;1 or 2 limes;12
686;1 1/2 pound strawberries, stemmed and quarted;76
689;2 thin slices Virginia ham;115
690;1/2 cup (2 ounces) coarsely grated cheddar;127
701;2 links hot Italian sausage, chopped;115
705;1 cup raspberries;65
711;Salsa;62
717;Juice of 2 limes;12
721;12 (1/4-inch-thick) slices peeled avocado (about 1 1/2 medium);80
722;2 legs prepared duck confit;100
724;1 cup shelled English peas, fresh or frozen;61
730;3/4 cup chopped walnuts;87
732;6 slices Smoked Bacon (chopped);115
742;1 pound ground sirloin;139
745;1/3 cup chopped peanuts;64
760;6 cups peeled, sliced Granny Smith apples (about 1 1/2 pounds);15
779;3 cups hot cooked short-grain rice;98
792;1/4 cup shredded lettuce;109
796;2 lemons, thinly sliced and halved, plus more for serving;11
811;1/2 cup ketchup;62
814;2 teaspoons paprika;59
826;12 fresh Bing cherries, pitted, quartered;30
838;2 slices bacon, cooked and diced;115
846;1 (9-ounce) package fresh baby spinach;55
854;1/2 cup of refried beans (optional);40
856;1/2 cup Dijon mustard;93
858;1/3 cup orange juice;23
862;1/2 pound thinly sliced cooked ham (preferably Black Forest);115
865;Small handful of crushed peanuts;64
887;2 cans (15 1/2 ounces each) chickpeas;61
903;1 7-pound salmon, scaled and cleaned;105
921;1 cup Greek Yogurt;81
